-- Inserindo dados na tabela Loja
INSERT INTO loja (id_loja, nome, endereco) VALUES
(1, 'Loja Centro', 'Rua das Flores, 123 - Centro'),
(2, 'Loja Shopping', 'Av. Principal, 456 - Shopping Mall'),
(3, 'Loja Norte', 'Rua do Comércio, 789 - Zona Norte'),
(4, 'Loja Sul', 'Av. Sul, 321 - Zona Sul'),
(5, 'Loja Oeste', 'Rua Oeste, 654 - Zona Oeste'),
(6, 'Loja Leste', 'Av. Leste, 987 - Zona Leste'),
(7, 'Loja Aeroporto', 'Terminal Rodoviário, 111 - Aeroporto'),
(8, 'Loja Praia', 'Av. Beira Mar, 222 - Orla'),
(9, 'Loja Industrial', 'Rua das Indústrias, 333 - Distrito Industrial'),
(10, 'Loja Universitária', 'Campus Universitário, 444 - Cidade Universitária');

-- Inserindo dados na tabela Departamento
INSERT INTO departamento (id_departamento, nome, id_loja) VALUES
(1, 'Eletrônicos', 1),
(2, 'Roupas', 1),
(3, 'Casa e Jardim', 2),
(4, 'Esportes', 2),
(5, 'Livros', 3),
(6, 'Alimentação', 3),
(7, 'Brinquedos', 4),
(8, 'Informática', 4),
(9, 'Beleza', 5),
(10, 'Automóveis', 5),
(11, 'Móveis', 6),
(12, 'Pet Shop', 6),
(13, 'Ferramentas', 7),
(14, 'Música', 7),
(15, 'Fotografia', 8),
(16, 'Games', 8),
(17, 'Papelaria', 9),
(18, 'Saúde', 9),
(19, 'Jardinagem', 10),
(20, 'Decoração', 10);

-- Inserindo dados na tabela Produto
INSERT INTO produto (id_produto, nome, descricao, preco, quantidade_estoque, id_departamento) VALUES
(1, 'Smartphone Samsung', 'Smartphone Android 128GB', 899.99, 50, 1),
(2, 'Notebook Dell', 'Notebook Intel i5 8GB RAM', 2499.99, 25, 8),
(3, 'Camiseta Polo', 'Camiseta polo masculina azul', 79.90, 100, 2),
(4, 'Tênis Nike', 'Tênis esportivo Nike Air', 299.99, 75, 4),
(5, 'Livro Programação', 'Livro sobre Python', 89.90, 30, 5),
(6, 'Café Premium', 'Café gourmet 500g', 24.99, 200, 6),
(7, 'Boneca Barbie', 'Boneca Barbie com acessórios', 149.99, 40, 7),
(8, 'Mouse Gamer', 'Mouse gamer RGB', 199.99, 60, 8),
(9, 'Perfume Importado', 'Perfume francês 100ml', 299.90, 35, 9),
(10, 'Óleo Motor', 'Óleo para motor 5W30', 45.99, 80, 10),
(11, 'TV Smart 50"', 'Smart TV LED 50 polegadas', 1899.99, 20, 1),
(12, 'Vestido Floral', 'Vestido feminino estampado', 129.90, 45, 2),
(13, 'Sofá 3 Lugares', 'Sofá em couro sintético', 1299.99, 15, 3),
(14, 'Bicicleta MTB', 'Bicicleta mountain bike aro 29', 899.99, 25, 4),
(15, 'Revista Tech', 'Revista de tecnologia mensal', 12.90, 150, 5),
(16, 'Chocolate Belga', 'Chocolate importado 200g', 34.99, 100, 6),
(17, 'Lego Castelo', 'Kit Lego Castelo Medieval', 249.99, 30, 7),
(18, 'Teclado Mecânico', 'Teclado mecânico RGB', 399.99, 40, 8),
(19, 'Batom Vermelho', 'Batom matte vermelho', 49.90, 80, 9),
(20, 'Pneu Aro 15', 'Pneu radial aro 15', 299.99, 50, 10),
(21, 'Fone Bluetooth', 'Fone de ouvido sem fio', 179.90, 65, 1),
(22, 'Calça Jeans', 'Calça jeans masculina azul', 149.90, 90, 2),
(23, 'Mesa Jantar', 'Mesa de jantar 6 lugares', 799.99, 12, 11),
(24, 'Ração Cachorro', 'Ração premium 15kg', 189.90, 45, 12),
(25, 'Furadeira Elétrica', 'Furadeira de impacto 800W', 349.90, 28, 13),
(26, 'Violão Acústico', 'Violão nylon iniciante', 299.90, 18, 14),
(27, 'Câmera Digital', 'Câmera mirrorless 24MP', 3499.99, 8, 15),
(28, 'PlayStation 5', 'Console PS5 com 2 controles', 4299.99, 15, 16),
(29, 'Caderno Universitário', 'Caderno 10 matérias 200 folhas', 29.90, 120, 17),
(30, 'Termômetro Digital', 'Termômetro infravermelho', 89.90, 55, 18),
(31, 'Cortador de Grama', 'Cortador elétrico 1200W', 599.99, 22, 19),
(32, 'Lustre LED', 'Lustre pendente moderno', 249.90, 38, 20),
(33, 'Tablet Samsung', 'Tablet 10 polegadas 64GB', 1199.99, 30, 1),
(34, 'Jaqueta Couro', 'Jaqueta de couro sintético', 349.90, 25, 2),
(35, 'Aspirador Robô', 'Aspirador robô inteligente', 1899.99, 10, 3),
(36, 'Bola Futebol', 'Bola oficial profissional', 129.90, 50, 4),
(37, 'Enciclopédia', 'Enciclopédia 12 volumes', 599.90, 15, 5),
(38, 'Vinho Tinto', 'Vinho tinto reserva 750ml', 79.90, 85, 6),
(39, 'Carrinho Controle', 'Carrinho controle remoto', 199.99, 35, 7),
(40, 'Monitor 27"', 'Monitor LED Full HD', 899.99, 20, 8);

-- Inserindo dados na tabela Funcionario
INSERT INTO funcionario (id_funcionario, nome, cargo, login, senha, id_loja) VALUES
(1, 'João Silva', 'Gerente', 'joao.silva', 'senha123', 1),
(2, 'Maria Santos', 'Vendedora', 'maria.santos', 'senha456', 1),
(3, 'Pedro Oliveira', 'Caixa', 'pedro.oliveira', 'senha789', 2),
(4, 'Ana Costa', 'Vendedora', 'ana.costa', 'senha321', 2),
(5, 'Carlos Ferreira', 'Gerente', 'carlos.ferreira', 'senha654', 3),
(6, 'Lucia Rodrigues', 'Vendedora', 'lucia.rodrigues', 'senha987', 3),
(7, 'Roberto Lima', 'Caixa', 'roberto.lima', 'senha147', 4),
(8, 'Patricia Alves', 'Vendedora', 'patricia.alves', 'senha258', 4),
(9, 'Fernando Souza', 'Gerente', 'fernando.souza', 'senha369', 5),
(10, 'Camila Pereira', 'Vendedora', 'camila.pereira', 'senha741', 5),
(11, 'Ricardo Martins', 'Gerente', 'ricardo.martins', 'senha852', 6),
(12, 'Juliana Moraes', 'Vendedora', 'juliana.moraes', 'senha963', 6),
(13, 'Bruno Carvalho', 'Caixa', 'bruno.carvalho', 'senha159', 7),
(14, 'Amanda Ribeiro', 'Vendedora', 'amanda.ribeiro', 'senha753', 7),
(15, 'Gustavo Mendes', 'Gerente', 'gustavo.mendes', 'senha486', 8),
(16, 'Tatiana Rocha', 'Vendedora', 'tatiana.rocha', 'senha357', 8),
(17, 'Marcos Dias', 'Caixa', 'marcos.dias', 'senha951', 9),
(18, 'Beatriz Lopes', 'Vendedora', 'beatriz.lopes', 'senha246', 9),
(19, 'Diego Ramos', 'Gerente', 'diego.ramos', 'senha135', 10),
(20, 'Renata Cunha', 'Vendedora', 'renata.cunha', 'senha864', 10);

-- Inserindo dados na tabela Venda
INSERT INTO venda (id_venda, data, valor_total, id_loja, id_funcionario) VALUES
(1, '2025-10-01', 979.89, 1, 2),
(2, '2025-10-02', 2499.99, 1, 1),
(3, '2025-10-03', 379.89, 2, 4),
(4, '2025-10-04', 89.90, 3, 6),
(5, '2025-10-05', 174.93, 3, 5),
(6, '2025-10-06', 549.97, 4, 8),
(7, '2025-10-07', 1899.99, 1, 2),
(8, '2025-10-08', 259.80, 2, 3),
(9, '2025-10-09', 1549.98, 4, 7),
(10, '2025-10-10', 99.80, 5, 10),
(11, '2025-10-11', 649.97, 5, 9),
(12, '2025-10-12', 449.89, 1, 1),
(13, '2025-10-13', 899.99, 3, 6),
(14, '2025-10-14', 1199.99, 6, 12),
(15, '2025-10-15', 349.90, 7, 14),
(16, '2025-10-16', 3499.99, 8, 16),
(17, '2025-10-17', 599.99, 9, 18),
(18, '2025-10-18', 249.90, 10, 20),
(19, '2025-10-19', 1899.99, 6, 11),
(20, '2025-10-20', 4299.99, 8, 15),
(21, '2025-10-21', 299.90, 7, 13),
(22, '2025-10-22', 189.90, 6, 12),
(23, '2025-10-23', 129.90, 9, 17),
(24, '2025-10-24', 899.99, 10, 19),
(25, '2025-10-25', 79.90, 3, 5);

-- Inserindo dados na tabela Item_Venda
INSERT INTO item_venda (id_item, quantidade, preco_unitario, id_venda, id_produto) VALUES
(1, 1, 899.99, 1, 1),
(2, 1, 79.90, 1, 3),
(3, 1, 2499.99, 2, 2),
(4, 1, 299.99, 3, 4),
(5, 1, 79.90, 3, 3),
(6, 1, 89.90, 4, 5),
(7, 7, 24.99, 5, 6),
(8, 2, 199.99, 6, 8),
(9, 1, 149.99, 6, 7),
(10, 1, 1899.99, 7, 11),
(11, 2, 129.90, 8, 12),
(12, 1, 1299.99, 9, 13),
(13, 1, 249.99, 9, 17),
(14, 2, 49.90, 10, 19),
(15, 1, 299.99, 11, 20),
(16, 1, 349.98, 11, 18),
(17, 1, 299.90, 12, 9),
(18, 1, 149.99, 12, 7),
(19, 1, 899.99, 13, 14),
(20, 1, 1199.99, 14, 33),
(21, 1, 349.90, 15, 25),
(22, 1, 3499.99, 16, 27),
(23, 1, 599.99, 17, 31),
(24, 1, 249.90, 18, 32),
(25, 1, 1899.99, 19, 35),
(26, 1, 4299.99, 20, 28),
(27, 1, 299.90, 21, 26),
(28, 1, 189.90, 22, 24),
(29, 1, 129.90, 23, 36),
(30, 1, 899.99, 24, 40),
(31, 1, 79.90, 25, 38),
(32, 2, 179.90, 14, 21),
(33, 3, 29.90, 15, 29),
(34, 2, 89.90, 17, 30),
(35, 1, 349.90, 12, 34);

-- Inserindo dados na tabela Fornecedor
INSERT INTO fornecedor (id_fornecedor, nome, contato) VALUES
(1, 'TechSupply Ltda', 'contato@techsupply.com'),
(2, 'Moda Fashion', 'vendas@modafashion.com'),
(3, 'Casa & Lar', 'pedidos@casalar.com'),
(4, 'Esporte Total', 'comercial@esportetotal.com'),
(5, 'Editora Saber', 'vendas@editorasaber.com'),
(6, 'Alimentos Premium', 'contato@alimentospremium.com'),
(7, 'Brinquedos Feliz', 'vendas@brinquedosfeliz.com'),
(8, 'Info Tech', 'pedidos@infotech.com'),
(9, 'Beleza Natural', 'comercial@belezanatural.com'),
(10, 'Auto Peças', 'vendas@autopecas.com'),
(11, 'Móveis Conforto', 'contato@moveisconforto.com'),
(12, 'Pet Center', 'vendas@petcenter.com'),
(13, 'Ferramentas Pro', 'comercial@ferramentaspro.com'),
(14, 'Musical Store', 'pedidos@musicalstore.com'),
(15, 'Foto Express', 'contato@fotoexpress.com');

-- Inserindo dados na tabela Pedido_Reposicao
INSERT INTO pedido_reposicao (id_pedido, data, status, id_fornecedor, id_produto) VALUES
(1, '2025-10-01', 'Pendente', 1, 1),
(2, '2025-10-02', 'Entregue', 8, 2),
(3, '2025-10-03', 'Em Transito', 2, 3),
(4, '2025-10-04', 'Entregue', 4, 4),
(5, '2025-10-05', 'Pendente', 5, 5),
(6, '2025-10-06', 'Entregue', 6, 6),
(7, '2025-10-07', 'Em Transito', 7, 7),
(8, '2025-10-08', 'Entregue', 8, 8),
(9, '2025-10-09', 'Pendente', 9, 9),
(10, '2025-10-10', 'Entregue', 10, 10),
(11, '2025-10-11', 'Em Transito', 1, 11),
(12, '2025-10-12', 'Pendente', 2, 12),
(13, '2025-10-13', 'Entregue', 3, 13);





